Fecha,Último valor conocido,Predicción,Cambio porcentual,Señal
2025-10-25,4.079999923706055,3.7356882490911785,-8.439011790522825,VENTA
