Fecha,Último valor conocido,Predicción,Cambio porcentual,Señal
2026-04-28,4.599999904632568,4.435259291764745,-3.581317745287696,VENTA
