Fecha,Último valor conocido,Predicción,Cambio porcentual,Señal
2026-05-07,4.550000190734863,4.260436085148733,-6.364046009839032,VENTA
