Fecha,Último valor conocido,Predicción,Cambio porcentual,Señal
2025-11-22,3.990000009536743,3.9301130086408893,-1.5009273371607588,VENTA
