Fecha,Último valor conocido,Predicción,Cambio porcentual,Señal
2026-05-20,4.039999961853027,4.053222604773812,0.32729314469399323,COMPRA
