Fecha,Último valor conocido,Predicción,Cambio porcentual,Señal
2026-04-16,4.809999942779541,4.353149070191506,-9.497939252033252,VENTA
