Fecha,Último valor conocido,Predicción,Cambio porcentual,Señal
2026-04-15,4.739999771118164,4.310291946493845,-9.065566358096062,VENTA
