Fecha,Último valor conocido,Predicción,Cambio porcentual,Señal
2026-04-17,4.760000228881836,4.424445878677,-7.049460799787828,VENTA
