MAE,RMSE,MAPE,R2
0.057241914615663615,0.08331929901755124,1.4580084289743451,0.9968701458356622
