MAE,RMSE,MAPE,R2
0.058014921708580566,0.08446195175622546,1.4578896394271614,0.9968885856726775
