MAE,RMSE,MAPE,R2
0.05800536280466221,0.084405363387517,1.4600998786081891,0.9968920466299769
