MAE,RMSE,MAPE,R2
0.057988537416511,0.08440770028212857,1.4586377836126352,0.9968919998253656
