MAE,RMSE,MAPE,R2
0.05799333040724629,0.08440404375065978,1.4590063563527909,0.9968921313604846
