MAE,RMSE,MAPE,R2
0.057965927371705445,0.08440697195427253,1.4570568767231866,0.9968926213340783
