MAE,RMSE,MAPE,R2
0.05724191461566433,0.08331929901755122,1.458008428974368,0.9968701458356622
