MAE,RMSE,MAPE,R2
0.05798904733955393,0.08439015745013488,1.4597432616451682,0.996893158162051
