MAE,RMSE,MAPE,R2
0.057996664776984404,0.0844352522664764,1.458285416271489,0.9968903055354489
