MAE,RMSE,MAPE,R2
0.057984692333237386,0.08441333345167208,1.458278328259081,0.9968916192749071
