MAE,RMSE,MAPE,R2
0.05797183447045483,0.08441859790581187,1.4570438660062206,0.9968917966555737
