MAE,RMSE,MAPE,R2
0.05800467256780239,0.08439632053510646,1.460472334322401,0.9968925487731477
