MAE,RMSE,MAPE,R2
0.058014883900613684,0.08446195064078436,1.45788845928051,0.9968885856075795
