MAE,RMSE,MAPE,R2
0.05802600321881831,0.08442101257917294,1.460609688098825,0.9968909165576936
