MAE,RMSE,MAPE,R2
0.058023141022591436,0.08442725410310574,1.4602985096263355,0.9968904935471791
