MAE,RMSE,MAPE,R2
0.05799454142262341,0.08442633032106994,1.4584066340893158,0.9968907984320771
