MAE,RMSE,MAPE,R2
0.05799696588283119,0.0844464270561333,1.4574766705430076,0.9968897003504109
