MAE,RMSE,MAPE,R2
0.058014883900614066,0.08446195064078436,1.4578884592805212,0.9968885856075795
