MAE,RMSE,MAPE,R2
0.057988849694737304,0.08443397224310155,1.457421046122955,0.9968906338061471
