RMSE,MAE,R2
0.12409212250367273,0.08450243736402237,0.9737435933227299
