RMSE,MAE,R2
0.1409040698224606,0.09939095121419546,0.9752908903399586
