RMSE,MAE,R2
0.07721732207918598,0.054840220160491414,0.9578494573963061
