RMSE,MAE,R2
0.07021452709770779,0.04898614386415917,0.9441315160479173
