RMSE,MAE,R2
0.10184020300887146,0.07148193903928785,0.9735084153353989
