RMSE,MAE,R2
0.0888271036463133,0.06196881681437557,0.9640543076556247
