RMSE,MAE,R2
0.1410121781485496,0.09946847018957061,0.9751869882673629
