RMSE,MAE,R2
0.12521837738326136,0.08559480311079717,0.9758890120583913
