RMSE,MAE,R2
0.14290668090697167,0.10163388729273692,0.9754680459496513
