RMSE,MAE,R2
0.14271548832749475,0.1012419660550033,0.9752302318942822
