RMSE,MAE,R2
0.14300083276398853,0.10168145535711386,0.9753992630603973
