RMSE,MAE,R2
0.1340778831688655,0.0936056759145205,0.9751236556031553
