RMSE,MAE,R2
0.12428902864604283,0.08490834529712607,0.9749036386345125
