RMSE,MAE,R2
0.09698606304927003,0.06740147142662908,0.9696689425319557
