RMSE,MAE,R2
0.1312835620668016,0.08938570626681117,0.7665579627935293
