RMSE,MAE,R2
0.14201206998142024,0.10052837121481042,0.9752584298638948
