RMSE,MAE,R2
0.09580396215903825,0.06640186660320303,0.9674045590271793
