RMSE,MAE,R2
0.10075752298057632,0.0704868947355899,0.9724262851099823
