RMSE,MAE,R2
0.10630594175548565,0.07557490106271633,0.9753321989709376
