RMSE,MAE,R2
0.09809812472370938,0.06836702657353311,0.9716800001200607
