RMSE,MAE,R2
0.0969637861631077,0.06738206705325571,0.969209582776855
