RMSE,MAE,R2
0.07932778708582397,0.056179983297624136,0.9618803775520905
