RMSE,MAE,R2
0.10856806944379481,0.07721346443627808,0.9751578901372269
