RMSE,MAE,R2
0.10493329803844799,0.07416956493578887,0.9746850148388391
