RMSE,MAE,R2
0.07597892251302277,0.05373888619148958,0.9526302664953707
