RMSE,MAE,R2
0.09515154718736758,0.06595439905377505,0.9670878712984008
