RMSE,MAE,R2
0.14026012453794856,0.09824056033906034,0.9746155439423982
