RMSE,MAE,R2
0.12430928847205215,0.08488804995932228,0.9743363057145019
