RMSE,MAE,R2
0.09029862884608399,0.06265259005415903,0.9637923564574203
