RMSE,MAE,R2
0.14031457893367755,0.09836709175090363,0.9747079857278732
