RMSE,MAE,R2
0.13463897494938154,0.09411788212010434,0.9750715916004915
