RMSE,MAE,R2
0.0715472530452448,0.05066578826512103,0.9510659495683408
