RMSE,MAE,R2
0.08882710364631326,0.06196881681437553,0.9640543076556247
