RMSE,MAE,R2
0.13826867392211747,0.09652639332941636,0.9744257948244904
