RMSE,MAE,R2
0.08604305061220889,0.0604482881127343,0.9641161539952223
