RMSE,MAE,R2
0.09696915887130651,0.06733074105676368,0.9686908371253968
