RMSE,MAE,R2
0.12680361621799632,0.08670957023846755,0.9754308592923411
