RMSE,MAE,R2
0.14113527705316833,0.0996452143503282,0.9753233293016212
