RMSE,MAE,R2
0.10262018060214269,0.07238636981863998,0.9745604545783102
