RMSE,MAE,R2
0.1429018489132691,0.1015115683801721,0.9754934831538072
