RMSE,MAE,R2
0.07155680314404982,0.050699708432899955,0.9513985521270436
