RMSE,MAE,R2
0.08057747759090471,0.057208011830683136,0.9627976291864789
