RMSE,MAE,R2
0.12835893295534828,0.08798721441038418,0.975225153031209
