RMSE,MAE,R2
0.1439176530995964,0.10238360373810562,0.975269548681114
