RMSE,MAE,R2
0.12398487734421615,0.0843058749583144,0.9722198566524901
