RMSE,MAE,R2
0.10499112077506959,0.07423271861231488,0.9748420669732457
