RMSE,MAE,R2
0.1050466964715365,0.07428818622823821,0.9749918377942692
