RMSE,MAE,R2
0.0701247673773625,0.04885625666335161,0.9435211063061493
