RMSE,MAE,R2
0.13365756604770135,0.0930166955886952,0.9750290259540945
