RMSE,MAE,R2
0.1428431670661186,0.10150311509244582,0.975354386637873
