RMSE,MAE,R2
0.08034360397969913,0.05705822092834903,0.9626044251240645
