RMSE,MAE,R2
0.1038313136785653,0.07334697281085194,0.974499949221697
