RMSE,MAE,R2
0.08418512431921862,0.059126860458537045,0.9632562228367325
