RMSE,MAE,R2
0.07312763145126985,0.05198195382510072,0.9524393045876886
