RMSE,MAE,R2
0.13290853466152874,0.09227685417139389,0.9750636774452313
