RMSE,MAE,R2
0.07022789539517305,0.04899169833617213,0.9444440578765726
