RMSE,MAE,R2
0.07720800262050394,0.054787381341611596,0.9573914588336905
