RMSE,MAE,R2
0.07811747127230065,0.05534372157370271,0.9616235188110028
