RMSE,MAE,R2
0.10916093542792495,0.07767068186625786,0.9751167087660763
