RMSE,MAE,R2
0.08265689998749416,0.05822600695381556,0.9633587505549169
