RMSE,MAE,R2
0.07152268773655426,0.05063114410747145,0.951721714594795
