RMSE,MAE,R2
0.1315278127549486,0.09103020679363057,0.9751091153372619
