RMSE,MAE,R2
0.07044599367872453,0.04928115217922926,0.9461171270211893
