RMSE,MAE,R2
0.07175517510369572,0.050856281341583695,0.9500565120464204
