RMSE,MAE,R2
0.13324672293760675,0.09267481892001164,0.9750696380875608
