RMSE,MAE,R2
0.07956313214870216,0.05654222988038529,0.9625707328543952
