RMSE,MAE,R2
0.09696378616310773,0.06738206705325574,0.969209582776855
