RMSE,MAE,R2
0.1409076750716454,0.09926947628824788,0.9751181123964395
