RMSE,MAE,R2
0.07630139886708903,0.05402849688370751,0.9535238879682126
