RMSE,MAE,R2
0.07844035492063674,0.055569899818623404,0.9616698679640068
