RMSE,MAE,R2
0.10110265805061475,0.07076438129406197,0.9725916804250059
