RMSE,MAE,R2
0.12686515133057893,0.08688310716644841,0.9754888681645469
