RMSE,MAE,R2
0.07856972484574695,0.0558125454037221,0.9591133723243255
