RMSE,MAE,R2
0.14165532766225275,0.10012090094464328,0.9752694046209891
