RMSE,MAE,R2
0.1390083289399493,0.09712356036785127,0.9743559531565715
