RMSE,MAE,R2
0.09708044278393113,0.06759251215790864,0.9711795834199857
