RMSE,MAE,R2
0.09868758324526822,0.06876019831225286,0.9717290264875453
