RMSE,MAE,R2
0.1314364009360894,0.09091312602752455,0.9750318667485283
