RMSE,MAE,R2
0.10300084227286281,0.07277625695032096,0.974619572425979
