RMSE,MAE,R2
0.07146044156596629,0.050579718683337015,0.951945330271883
