RMSE,MAE,R2
0.08761634817659941,0.061423753382328236,0.9642426603890235
