RMSE,MAE,R2
0.07065191050309183,0.04950221131900398,0.9461826750668612
