RMSE,MAE,R2
0.07015820743820435,0.04891538390964789,0.9438376222345869
