RMSE,MAE,R2
0.10203256706755784,0.07173739163800215,0.9741495361182209
