RMSE,MAE,R2
0.10504669647153651,0.07428818622823824,0.9749918377942692
