RMSE,MAE,R2
0.07197026050599142,0.05114054948322553,0.9526405988304572
