RMSE,MAE,R2
0.14002606916068414,0.09795310131045622,0.9743691810348537
