RMSE,MAE,R2
0.07708976568339945,0.05468601267602276,0.9552721963603891
