RMSE,MAE,R2
0.1435828874589606,0.1020836339866195,0.975345660200272
