RMSE,MAE,R2
0.07035822056910888,0.04915393988279846,0.9457005064792574
