RMSE,MAE,R2
0.14322196993726627,0.1017957580453933,0.9754313401391577
