RMSE,MAE,R2
0.07082002506570752,0.04970991373615923,0.9463096436450711
