RMSE,MAE,R2
0.12699357188273036,0.08706611741313919,0.9755362702583253
