RMSE,MAE,R2
0.07816554606364054,0.055537786709069795,0.9589536746053133
