RMSE,MAE,R2
0.07802210086893248,0.055217662984945036,0.9613672492597509
