RMSE,MAE,R2
0.09708044278393133,0.0675925121579088,0.9711795834199856
