RMSE,MAE,R2
0.07716625301293842,0.054749372453723154,0.9558047537833102
