RMSE,MAE,R2
0.08460200097485628,0.059428662095657454,0.9634744063366916
