RMSE,MAE,R2
0.07152598514630094,0.05068937821222428,0.9523756656455429
