RMSE,MAE,R2
0.10519447222366435,0.07451258373470211,0.975116649559961
