RMSE,MAE,R2
0.14029527710583534,0.09831417660826007,0.9744638197215352
