RMSE,MAE,R2
0.07130731621524973,0.050423444075423214,0.947700641097587
