RMSE,MAE,R2
0.07691587805274036,0.05451872707774033,0.9548570022945704
