RMSE,MAE,R2
0.12425070318609038,0.08479862331750425,0.9752740139233048
