RMSE,MAE,R2
0.12479492060683091,0.08522393352713097,0.9754303633355075
