RMSE,MAE,R2
0.12424327562689871,0.08482672280608297,0.9750863290253465
