RMSE,MAE,R2
0.13008312901788557,0.08977072346585008,0.9751738180968559
