RMSE,MAE,R2
0.10498154835172854,0.07416737945618085,0.9744671992083416
