RMSE,MAE,R2
0.07896823564903772,0.05586340120773783,0.9615561179348238
