RMSE,MAE,R2
0.08090707880971285,0.05735865637385969,0.963777391507001
