RMSE,MAE,R2
0.07724077313808572,0.054814952646521684,0.9563341900513256
