RMSE,MAE,R2
0.12842171373839686,0.08812154422869392,0.9753381068883009
