RMSE,MAE,R2
0.1407473358998381,0.09902995792304117,0.9750564525846952
