RMSE,MAE,R2
0.08353418957357688,0.05872879681180284,0.9632011871595793
