RMSE,MAE,R2
0.08665233793165818,0.06088402298122944,0.9642842687771587
