RMSE,MAE,R2
0.14241146786525213,0.1009506290696459,0.9752389972547316
