RMSE,MAE,R2
0.10154976502797776,0.07112428140141011,0.9730681535479946
