RMSE,MAE,R2
0.07024003341789345,0.04899089117849261,0.9447293961950496
