RMSE,MAE,R2
0.14072889155361498,0.09901593230511714,0.9749661851653235
