RMSE,MAE,R2
0.07639762113196731,0.05414925197059625,0.9540492811430072
