RMSE,MAE,R2
0.07932778708582394,0.05617998329762412,0.9618803775520905
