RMSE,MAE,R2
0.10020008545141568,0.06994498081601916,0.9720107573654001
