RMSE,MAE,R2
0.0702767894471661,0.04905795177961735,0.9452562614535096
