RMSE,MAE,R2
0.09188384741105543,0.06368777264791547,0.9648660859684399
