RMSE,MAE,R2
0.0761197383672132,0.05388687410176409,0.9530430366719058
