RMSE,MAE,R2
0.10537073784207729,0.07481696297599309,0.975383222195649
