RMSE,MAE,R2
0.12927650643833372,0.08907160424908023,0.9752954555018487
