RMSE,MAE,R2
0.12417946420399083,0.08468180111664263,0.9739524653253575
