RMSE,MAE,R2
0.07809106800691612,0.05527900018900883,0.9610716419778413
