RMSE,MAE,R2
0.07969503611415807,0.05669374139715063,0.9627808172284619
