RMSE,MAE,R2
0.07717584288444558,0.054765046264756985,0.9569177812564753
