RMSE,MAE,R2
0.08563772938253626,0.06010694720761484,0.9638295662778781
