RMSE,MAE,R2
0.12900844539550516,0.08823826683618785,0.7761147064775753
