RMSE,MAE,R2
0.12478933722886146,0.08527837474791934,0.9759957560209863
