RMSE,MAE,R2
0.07951563823861857,0.05643851168694659,0.9623191743830304
