RMSE,MAE,R2
0.09902595115380766,0.06903288459019657,0.9718815273939064
