RMSE,MAE,R2
0.12487736713413547,0.08532233768411754,0.9758867485331469
