RMSE,MAE,R2
0.07282000184966592,0.0517866331285071,0.9523897557645062
