RMSE,MAE,R2
0.13064180084083798,0.09027574345729149,0.9750815976692374
