RMSE,MAE,R2
0.08180771602537931,0.05780264061429297,0.9634945839477722
