RMSE,MAE,R2
0.10059141938179651,0.07031326768864887,0.972169935559433
