RMSE,MAE,R2
0.1356120218798904,0.09493906353103988,0.9749884162313648
