RMSE,MAE,R2
0.1368720603532037,0.09572558445127802,0.974725626853246
