RMSE,MAE,R2
0.0971221051808142,0.06766270761328348,0.970500121745635
