RMSE,MAE,R2
0.07092146161258177,0.04987794680682817,0.9464997386017245
