RMSE,MAE,R2
0.10752566167752473,0.07645023204925089,0.97519918053126
