RMSE,MAE,R2
0.13147611303878887,0.09104641952224315,0.9751937460307469
