RMSE,MAE,R2
0.10194599377595308,0.07162958304752201,0.9739585085757329
