RMSE,MAE,R2
0.10677046544529009,0.07593655817470933,0.9753259063796199
