RMSE,MAE,R2
0.09256811408280964,0.06408869147276958,0.9651472097692895
