RMSE,MAE,R2
0.07661362932437045,0.05433501646715777,0.954477449502065
