RMSE,MAE,R2
0.10172157471924237,0.07135282906473453,0.9732896939591011
