RMSE,MAE,R2
0.1241886840375803,0.08459482984792646,0.9729110912128083
