RMSE,MAE,R2
0.07428487367712262,0.05260835283481267,0.9520334538518637
