RMSE,MAE,R2
0.07180361426846923,0.050842529611033194,0.947833083978325
