RMSE,MAE,R2
0.09691617640062926,0.06723500033072367,0.9681385969754619
