RMSE,MAE,R2
0.13957067499152076,0.09758458599120652,0.9743550040410818
