RMSE,MAE,R2
0.12674960024066123,0.08675653501082552,0.9755534412199695
