RMSE,MAE,R2
0.12606911505577198,0.08615835350614504,0.9755888547224717
