RMSE,MAE,R2
0.09319392422573809,0.0645023627630193,0.9654942610658495
