RMSE,MAE,R2
0.0936808001011827,0.0648787223377931,0.9658940366709426
