RMSE,MAE,R2
0.14060708793374851,0.0988230701670204,0.9748819719510025
