RMSE,MAE,R2
0.07146376745922053,0.05060149819928011,0.9478631829614829
