RMSE,MAE,R2
0.10804267429497928,0.07680742991629272,0.9751830356269479
