RMSE,MAE,R2
0.1013358469402659,0.0709593166893432,0.9728253996445625
