RMSE,MAE,R2
0.07121727605814528,0.050314706955279086,0.9474427037352252
