RMSE,MAE,R2
0.10582028656528063,0.0751830827075597,0.975362770483892
