RMSE,MAE,R2
0.07197999451400865,0.051013621355300895,0.9480604335440507
