RMSE,MAE,R2
0.128421713738397,0.08812154422869407,0.9753381068883009
