RMSE,MAE,R2
0.08538413256247045,0.059846229989341464,0.9634550573188811
