RMSE,MAE,R2
0.1240921225036728,0.08450243736402246,0.9737435933227299
