RMSE,MAE,R2
0.07461830455661227,0.052905631986216735,0.952183071919878
