RMSE,MAE,R2
0.07861390537604432,0.055826956371622966,0.9598480213296092
