RMSE,MAE,R2
0.08050443513712731,0.05714243563531966,0.9632558109007239
