RMSE,MAE,R2
0.0704008364151547,0.04919942591582678,0.9458987588026636
