RMSE,MAE,R2
0.07922204493923765,0.05605171907580523,0.9616560006541197
