RMSE,MAE,R2
0.09479741110909742,0.06567769489134771,0.9666323633630074
