RMSE,MAE,R2
0.07202295303004198,0.05098402979143924,0.9488382681498552
