RMSE,MAE,R2
0.07015663931084554,0.04885039382887213,0.9431654328995025
