RMSE,MAE,R2
0.10217589987445709,0.071883621607333,0.9743088831488799
