RMSE,MAE,R2
0.142883129720311,0.10153345802844202,0.9754071818923764
