RMSE,MAE,R2
0.13093125421135413,0.09058756437607891,0.9750852301968268
