RMSE,MAE,R2
0.1250079896294133,0.08549900894773958,0.9755203106432453
