RMSE,MAE,R2
0.07246866208442879,0.05148154625440343,0.9524199555340014
