RMSE,MAE,R2
0.07031553442720588,0.04910321865690746,0.9454866221001219
