RMSE,MAE,R2
0.07372542259768379,0.05228251270564765,0.9522308447761645
