RMSE,MAE,R2
0.09748803195445394,0.06791775438365395,0.9716324491634188
