RMSE,MAE,R2
0.12909660321703578,0.08883380099814349,0.9752745975389014
