RMSE,MAE,R2
0.10630594175548569,0.07557490106271637,0.9753321989709376
