RMSE,MAE,R2
0.09713802851981165,0.06760727367373633,0.970825969840916
