RMSE,MAE,R2
0.13242766114779733,0.09187760363818612,0.9751019477920804
