RMSE,MAE,R2
0.07563481923287084,0.05351233987362888,0.9523338663241574
