RMSE,MAE,R2
0.09647956296833844,0.06689159276472725,0.9677114725432236
