RMSE,MAE,R2
0.13372842421072648,0.09319848945062954,0.9751141186672684
