RMSE,MAE,R2
0.10535559244418292,0.07474448642713837,0.9752249338958838
