RMSE,MAE,R2
0.1243022675003697,0.08494153435627978,0.9747002305615395
