RMSE,MAE,R2
0.14283027885268787,0.10148646406981628,0.9752895333755337
