RMSE,MAE,R2
0.12414113713571648,0.08460904419891217,0.9734612381679185
