RMSE,MAE,R2
0.07845404725484653,0.055624045437398725,0.960352025343663
