RMSE,MAE,R2
0.1284601373583106,0.0880886399207753,0.9752818688125602
