RMSE,MAE,R2
0.10439917366696212,0.07377264192061687,0.9744863733153095
