RMSE,MAE,R2
0.07527885901205085,0.05321323637759129,0.952100255062855
