RMSE,MAE,R2
0.07210397443504435,0.05111299578079113,0.9483830865472389
