RMSE,MAE,R2
0.12393117059977797,0.08418816427584278,0.9718624354445411
