RMSE,MAE,R2
0.12987165559065303,0.08953677962552686,0.9751823133162356
