RMSE,MAE,R2
0.07798757078453121,0.055397729916644475,0.9586561547849081
