RMSE,MAE,R2
0.09407225791439487,0.0651823103918622,0.9663584900180908
