RMSE,MAE,R2
0.13176779559363488,0.09132779846615227,0.9752050715767525
