RMSE,MAE,R2
0.07863539182680732,0.05587792235068511,0.9594701537605739
