RMSE,MAE,R2
0.1288801631795739,0.0885569497746366,0.9752661430913119
