RMSE,MAE,R2
0.12418305931956679,0.08471319113694553,0.9741604794754797
