RMSE,MAE,R2
0.07019270676725399,0.04897291288643177,0.9450501589782477
