RMSE,MAE,R2
0.10242012117365326,0.07218332907830488,0.9744309023183294
