RMSE,MAE,R2
0.14055882064296302,0.09870167506075739,0.9747770771212981
