RMSE,MAE,R2
0.08081586887838488,0.05732093223169756,0.9634173600660894
