RMSE,MAE,R2
0.1245871269918428,0.08509883027199792,0.9753158244543086
