RMSE,MAE,R2
0.07776384368605452,0.05522005723603002,0.9583769945431483
