RMSE,MAE,R2
0.13957067499152104,0.09758458599120678,0.9743550040410817
