RMSE,MAE,R2
0.09712438773453275,0.0676163726733801,0.9714736530836424
