RMSE,MAE,R2
0.07941429148641296,0.05626461573834303,0.9620936868211093
