RMSE,MAE,R2
0.0710154918122918,0.05005040417069622,0.9469770636330087
