RMSE,MAE,R2
0.12498338037747686,0.08546041068493716,0.9757043739654782
