RMSE,MAE,R2
0.07175359716563548,0.05095581342173564,0.9526620695900118
