RMSE,MAE,R2
0.09979006443411202,0.06955396469493069,0.9718616920220688
