RMSE,MAE,R2
0.07756239617291134,0.055073327514077064,0.958065258904934
