RMSE,MAE,R2
0.12421075793455981,0.0848203810508179,0.9745429653943888
