RMSE,MAE,R2
0.09081163303871326,0.0629865897914449,0.9641619071797389
