RMSE,MAE,R2
0.07103519701217854,0.05003004135153067,0.9466744260300705
