RMSE,MAE,R2
0.13493894498321798,0.09448254143470637,0.9750988700454346
