RMSE,MAE,R2
0.10188424393451986,0.07157958680250706,0.9737478318478827
