RMSE,MAE,R2
0.0716257257113827,0.05080315799730345,0.9525233117888233
