RMSE,MAE,R2
0.09129797717733326,0.06333764767127967,0.9645360628764351
