RMSE,MAE,R2
0.12767365100410208,0.08752076859668785,0.9753775802914413
