RMSE,MAE,R2
0.14241146786525202,0.1009506290696458,0.9752389972547316
