RMSE,MAE,R2
0.07160324321606533,0.05073499282795552,0.9507126905655092
