RMSE,MAE,R2
0.12418892936113214,0.08458880030399059,0.9732150804120201
