RMSE,MAE,R2
0.07159121974312672,0.050698667591566826,0.9498736174693756
