RMSE,MAE,R2
0.07143544849625623,0.05053760157604907,0.9522010579952678
