RMSE,MAE,R2
0.07115906340292398,0.05019338876556794,0.9471899594019333
